{"cameraMode":{"drawMode":0,"name":"Shaded","section":"Shading Mode"},"sceneLighting":false,"audioPlay":false,"sceneViewState":{"showFog":true,"showMaterialUpdate":false,"showSkybox":false,"showFlares":true,"showImageEffects":true,"showParticleSystems":true},"in2DMode":false,"pivot":{"x":35.41299057006836,"y":2.282811164855957,"z":78.45944213867188},"rotation":{"x":0.0011793003650382162,"y":-0.13697108626365663,"z":-0.00016275110829155892,"w":-0.9905800223350525},"size":43.605342864990237,"orthographic":false}